Data ,Normalized Data
25,-1.17222
65,0.312946
89,1.20404
36,-0.763799
55,-0.0583458
28,-1.06083
98,1.53821
